slug,display_name,latitude,longitude,floor_area_ft2,roof_area_ft2,approx_height_m,building_type,archetype,comstock_type,area_source,area_is_estimated,data_confidence,geometry_source,annual_electricity_kwh,electricity_source,model_notes
1300-cecil-b-moore-residence,1300 Cecil B Moore Residence Hall,39.97768299,-75.15640872,325022.00,64050.48,20.00,HOUSING,residential proxy,largehotel,Temple University ArcGIS TU_Buildings_2026 field attribute,false,reported-electricity,Temple University ArcGIS TU_Buildings_2026,3214628.55,City of Philadelphia 2024 Building Energy Benchmarking (1300 Cecil B Moore Residence Hall),Intraday/end-use shape modeled from NREL ComStock; annual electricity anchored to Philadelphia 2024 reported benchmarking.
1810-liacouras-walk,1810 Liacouras Walk,39.98045113,-75.15647174,75454.00,16043.29,20.00,MIXED,MIXED,secondaryschool,Temple University ArcGIS TU_Buildings_2026 field attribute,false,authoritative-area-modeled-electricity,Temple University ArcGIS TU_Buildings_2026,,Temple campus FY2025 calibrated EUI,Intraday/end-use shape modeled from NREL ComStock; annual electricity calibrated using Temple FY2025 campus electricity EUI because no building-level reported electricity match was available.
1940-residence,1940 Residence Hall,39.98286871,-75.15623197,139986.00,25808.16,20.00,HOUSING,residential proxy,largehotel,Temple University ArcGIS TU_Buildings_2026 field attribute,false,reported-electricity,Temple University ArcGIS TU_Buildings_2026,1135048.90,City of Philadelphia 2024 Building Energy Benchmarking (1940 Residence Hall),Intraday/end-use shape modeled from NREL ComStock; annual electricity anchored to Philadelphia 2024 reported benchmarking.
alter,Alter Hall,39.98037405,-75.15569973,230983.00,27802.68,20.00,ACADEMIC,office/administration,mediumoffice,Temple University ArcGIS TU_Buildings_2026 field attribute,false,authoritative-area-modeled-electricity,Temple University ArcGIS TU_Buildings_2026,,Temple campus FY2025 calibrated EUI,Intraday/end-use shape modeled from NREL ComStock; annual electricity calibrated using Temple FY2025 campus electricity EUI because no building-level reported electricity match was available.
anderson,Anderson Hall,39.98077216,-75.15253530,227406.00,43367.33,20.00,ACADEMIC,ACADEMIC,secondaryschool,Temple University ArcGIS TU_MainCampus_Buildings field attribute,false,authoritative-area-modeled-electricity,Temple University ArcGIS TU_MainCampus_Buildings,,Temple campus FY2025 calibrated EUI,Intraday/end-use shape modeled from NREL ComStock; annual electricity calibrated using Temple FY2025 campus electricity EUI because no building-level reported electricity match was available.
annenberg,Annenberg Hall,39.98402981,-75.15501367,65606.00,19857.56,20.00,ACADEMIC,ACADEMIC,secondaryschool,Temple University ArcGIS TU_Buildings_2026 field attribute,false,authoritative-area-modeled-electricity,Temple University ArcGIS TU_Buildings_2026,,Temple campus FY2025 calibrated EUI,Intraday/end-use shape modeled from NREL ComStock; annual electricity calibrated using Temple FY2025 campus electricity EUI because no building-level reported electricity match was available.
aramark-training,ARAMARK Training Complex,39.98093744,-75.15976391,110719.00,92948.03,20.00,MIXED,MIXED,secondaryschool,Temple University ArcGIS TU_Buildings_2026 field attribute,false,authoritative-area-modeled-electricity,Temple University ArcGIS TU_Buildings_2026,,Temple campus FY2025 calibrated EUI,Intraday/end-use shape modeled from NREL ComStock; annual electricity calibrated using Temple FY2025 campus electricity EUI because no building-level reported electricity match was available.
architecture,Architecture Building,39.98354991,-75.15421578,49222.00,14144.45,20.00,ACADEMIC,ACADEMIC,secondaryschool,Temple University ArcGIS TU_Buildings_2026 field attribute,false,authoritative-area-modeled-electricity,Temple University ArcGIS TU_Buildings_2026,,Temple campus FY2025 calibrated EUI,Intraday/end-use shape modeled from NREL ComStock; annual electricity calibrated using Temple FY2025 campus electricity EUI because no building-level reported electricity match was available.
baptist-temple-performing-arts-tpac,Baptist Temple - Performing Arts Center (TPAC),39.98143362,-75.15683931,44518.00,16047.04,20.00,SPECIAL,arts/academic,secondaryschool,Temple University ArcGIS TU_Buildings_2026 field attribute,false,authoritative-area-modeled-electricity,Temple University ArcGIS TU_Buildings_2026,,Temple campus FY2025 calibrated EUI,Intraday/end-use shape modeled from NREL ComStock; annual electricity calibrated using Temple FY2025 campus electricity EUI because no building-level reported electricity match was available.
bell,Bell Building,39.98011858,-75.15304231,235063.00,59432.36,20.00,MIXED,MIXED,secondaryschool,Temple University ArcGIS TU_Buildings_2026 field attribute,false,authoritative-area-modeled-electricity,Temple University ArcGIS TU_Buildings_2026,,Temple campus FY2025 calibrated EUI,Intraday/end-use shape modeled from NREL ComStock; annual electricity calibrated using Temple FY2025 campus electricity EUI because no building-level reported electricity match was available.
bell-garage,Bell Building Garage,39.98005715,-75.15244123,85148.00,24053.26,20.00,OPERATIONS,service/garage,warehouse,Temple University ArcGIS TU_Buildings_2026 field attribute,false,authoritative-area-modeled-electricity,Temple University ArcGIS TU_Buildings_2026,,Temple campus FY2025 calibrated EUI,Intraday/end-use shape modeled from NREL ComStock; annual electricity calibrated using Temple FY2025 campus electricity EUI because no building-level reported electricity match was available.
beury,Beury Hall,39.98201805,-75.15442579,175734.00,48193.18,20.00,ACADEMIC,research/academic,secondaryschool,Temple University ArcGIS TU_Buildings_2026 field attribute,false,reported-electricity,Temple University ArcGIS TU_Buildings_2026,3966580.33,City of Philadelphia 2024 Building Energy Benchmarking (Beury Hall),Intraday/end-use shape modeled from NREL ComStock; annual electricity anchored to Philadelphia 2024 reported benchmarking.
biology-life-sciences,Biology-Life Sciences,39.98197801,-75.15368242,168737.00,42476.77,20.00,ACADEMIC,research/laboratory,largeoffice,Temple University ArcGIS TU_Buildings_2026 field attribute,false,authoritative-area-modeled-electricity,Temple University ArcGIS TU_Buildings_2026,,Temple campus FY2025 calibrated EUI,Intraday/end-use shape modeled from NREL ComStock; annual electricity calibrated using Temple FY2025 campus electricity EUI because no building-level reported electricity match was available.
carnell,Carnell Hall,39.98054078,-75.15692030,75367.00,6630.13,20.00,MIXED,MIXED,secondaryschool,Temple University ArcGIS TU_Buildings_2026 field attribute,false,authoritative-area-modeled-electricity,Temple University ArcGIS TU_Buildings_2026,,Temple campus FY2025 calibrated EUI,Intraday/end-use shape modeled from NREL ComStock; annual electricity calibrated using Temple FY2025 campus electricity EUI because no building-level reported electricity match was available.
conwell,Conwell Hall,39.98033843,-75.15715851,78906.00,8453.08,20.00,MIXED,MIXED,secondaryschool,Temple University ArcGIS TU_Buildings_2026 field attribute,false,authoritative-area-modeled-electricity,Temple University ArcGIS TU_Buildings_2026,,Temple campus FY2025 calibrated EUI,Intraday/end-use shape modeled from NREL ComStock; annual electricity calibrated using Temple FY2025 campus electricity EUI because no building-level reported electricity match was available.
edberg-olson-athletic-storage-bldg,Edberg-Olson Hall/Athletic Storage Bldg.,39.98442651,-75.15007776,47195.00,28180.53,20.00,ATHLETIC,recreation/academic,secondaryschool,Temple University ArcGIS TU_Buildings_2026 field attribute,false,authoritative-area-modeled-electricity,Temple University ArcGIS TU_Buildings_2026,,Temple campus FY2025 calibrated EUI,Intraday/end-use shape modeled from NREL ComStock; annual electricity calibrated using Temple FY2025 campus electricity EUI because no building-level reported electricity match was available.
engineering,Engineering Building,39.98234826,-75.15270591,160566.00,23780.32,20.00,ACADEMIC,engineering/academic,mediumoffice,Temple University ArcGIS TU_Buildings_2026 field attribute,false,authoritative-area-modeled-electricity,Temple University ArcGIS TU_Buildings_2026,,Temple campus FY2025 calibrated EUI,Intraday/end-use shape modeled from NREL ComStock; annual electricity calibrated using Temple FY2025 campus electricity EUI because no building-level reported electricity match was available.
entertainment-and-community-education-ecec,"Entertainment & Community 
Education Center (ECEC)",39.97920597,-75.15992755,52846.00,14869.82,20.00,SPECIAL,academic/classroom,secondaryschool,Temple University ArcGIS TU_Buildings_2026 field attribute,false,authoritative-area-modeled-electricity,Temple University ArcGIS TU_Buildings_2026,,Temple campus FY2025 calibrated EUI,Intraday/end-use shape modeled from NREL ComStock; annual electricity calibrated using Temple FY2025 campus electricity EUI because no building-level reported electricity match was available.
gladfelter,Gladfelter Hall,39.98147664,-75.15249699,185091.00,27632.77,20.00,ACADEMIC,ACADEMIC,secondaryschool,Temple University ArcGIS TU_Buildings_2026 field attribute,false,authoritative-area-modeled-electricity,Temple University ArcGIS TU_Buildings_2026,,Temple campus FY2025 calibrated EUI,Intraday/end-use shape modeled from NREL ComStock; annual electricity calibrated using Temple FY2025 campus electricity EUI because no building-level reported electricity match was available.
hardwick-residence-tower,Hardwick Hall Residence (Tower),39.98384463,-75.15588114,84735.00,8399.40,20.00,HOUSING,residential proxy,largehotel,Temple University ArcGIS TU_Buildings_2026 field attribute,false,authoritative-area-modeled-electricity,Temple University ArcGIS TU_Buildings_2026,,Temple campus FY2025 calibrated EUI,Intraday/end-use shape modeled from NREL ComStock; annual electricity calibrated using Temple FY2025 campus electricity EUI because no building-level reported electricity match was available.
howard-gittis-student,Howard Gittis Student Center,39.97947966,-75.15505815,216805.00,66319.06,20.00,SPECIAL,student/retail,retailstandalone,Temple University ArcGIS TU_Buildings_2026 field attribute,false,reported-electricity,Temple University ArcGIS TU_Buildings_2026,2605903.81,City of Philadelphia 2024 Building Energy Benchmarking (Howard Gittis Student Center),Intraday/end-use shape modeled from NREL ComStock; annual electricity anchored to Philadelphia 2024 reported benchmarking.
ibc-student-recreation,IBC Student Recreation Center,39.97912549,-75.15895692,47433.00,20023.77,20.00,ATHLETIC,recreation/academic,secondaryschool,Temple University ArcGIS TU_Buildings_2026 field attribute,false,reported-electricity,Temple University ArcGIS TU_Buildings_2026,424125.80,City of Philadelphia 2024 Building Energy Benchmarking (IBC Student Recreation Center),Intraday/end-use shape modeled from NREL ComStock; annual electricity anchored to Philadelphia 2024 reported benchmarking.
james-s-white,James S. White Hall,39.98556871,-75.15688271,154487.00,36451.35,20.00,HOUSING,residential proxy,largehotel,Temple University ArcGIS TU_Buildings_2026 field attribute,false,reported-electricity,Temple University ArcGIS TU_Buildings_2026,1091572.68,City of Philadelphia 2024 Building Energy Benchmarking (James S. White Hall),Intraday/end-use shape modeled from NREL ComStock; annual electricity anchored to Philadelphia 2024 reported benchmarking.
johnson-residence-tower,Johnson Hall Residence (Tower),39.98427158,-75.15578549,85069.00,8399.42,20.00,HOUSING,residential proxy,largehotel,Temple University ArcGIS TU_Buildings_2026 field attribute,false,reported-electricity,Temple University ArcGIS TU_Buildings_2026,4566445.44,City of Philadelphia 2024 Building Energy Benchmarking (Johnson Hall Residence (Tower)),Intraday/end-use shape modeled from NREL ComStock; annual electricity anchored to Philadelphia 2024 reported benchmarking.
johnson-hardwick-commons,Johnson/Hardwick Commons,39.98405722,-75.15598142,62692.00,42175.29,20.00,OPERATIONS,OPERATIONS,secondaryschool,Temple University ArcGIS TU_Buildings_2026 field attribute,false,authoritative-area-modeled-electricity,Temple University ArcGIS TU_Buildings_2026,,Temple campus FY2025 calibrated EUI,Intraday/end-use shape modeled from NREL ComStock; annual electricity calibrated using Temple FY2025 campus electricity EUI because no building-level reported electricity match was available.
klein-law,Klein Law Building,39.97985554,-75.15702940,305552.00,33685.15,20.00,ACADEMIC,ACADEMIC,secondaryschool,Temple University ArcGIS TU_Buildings_2026 field attribute,false,reported-electricity,Temple University ArcGIS TU_Buildings_2026,1746261.51,City of Philadelphia 2024 Building Energy Benchmarking (Klein Law Building),Intraday/end-use shape modeled from NREL ComStock; annual electricity anchored to Philadelphia 2024 reported benchmarking.
leon-h-sullivan-human-services,Leon H. Sullivan Human Services Center,39.97494708,-75.15749954,11226.00,32018.26,20.00,SPECIAL,office/administration,mediumoffice,Temple University ArcGIS TU_MainCampus_Buildings field attribute,false,reported-electricity,Temple University ArcGIS TU_MainCampus_Buildings,837933.30,City of Philadelphia 2024 Building Energy Benchmarking (Leon H. Sullivan Human Services Center),Intraday/end-use shape modeled from NREL ComStock; annual electricity anchored to Philadelphia 2024 reported benchmarking.
liacouras,Liacouras Center,39.97977009,-75.15854759,300260.00,127803.57,20.00,SPECIAL,SPECIAL,secondaryschool,Temple University ArcGIS TU_Buildings_2026 field attribute,false,reported-electricity,Temple University ArcGIS TU_Buildings_2026,3269366.28,City of Philadelphia 2024 Building Energy Benchmarking (Liacouras Center),Intraday/end-use shape modeled from NREL ComStock; annual electricity anchored to Philadelphia 2024 reported benchmarking.
liacouras-parking-garage,Liacouras Center Parking Garage,39.97963846,-75.15960123,415511.00,69131.36,20.00,OPERATIONS,service/garage,warehouse,Temple University ArcGIS TU_Buildings_2026 field attribute,false,reported-electricity,Temple University ArcGIS TU_Buildings_2026,147436.49,City of Philadelphia 2024 Building Energy Benchmarking (Liacouras Center Parking Garage),Intraday/end-use shape modeled from NREL ComStock; annual electricity anchored to Philadelphia 2024 reported benchmarking.
mazur,Mazur Hall,39.98077216,-75.15253530,227406.00,43367.33,20.00,ACADEMIC,ACADEMIC,secondaryschool,Temple University ArcGIS TU_Buildings_2026 field attribute,false,authoritative-area-modeled-electricity,Temple University ArcGIS TU_Buildings_2026,,Temple campus FY2025 calibrated EUI,Intraday/end-use shape modeled from NREL ComStock; annual electricity calibrated using Temple FY2025 campus electricity EUI because no building-level reported electricity match was available.
mitten,Mitten Hall,39.98204586,-75.15662095,86008.00,26086.67,20.00,SPECIAL,SPECIAL,secondaryschool,Temple University ArcGIS TU_Buildings_2026 field attribute,false,reported-electricity,Temple University ArcGIS TU_Buildings_2026,916484.46,City of Philadelphia 2024 Building Energy Benchmarking (Mitten Hall),Intraday/end-use shape modeled from NREL ComStock; annual electricity anchored to Philadelphia 2024 reported benchmarking.
montgomery-avenue-parking-garage,Montgomery Avenue Parking Garage,39.98061182,-75.15163350,379783.00,76043.52,20.00,OPERATIONS,service/garage,warehouse,Temple University ArcGIS TU_Buildings_2026 field attribute,false,reported-electricity,Temple University ArcGIS TU_Buildings_2026,770813.69,City of Philadelphia 2024 Building Energy Benchmarking (Montgomery Pkg Gar),Intraday/end-use shape modeled from NREL ComStock; annual electricity anchored to Philadelphia 2024 reported benchmarking.
morgan,Morgan Hall,39.97789474,-75.15740209,715899.00,50665.28,20.00,HOUSING,residential proxy,largehotel,Temple University ArcGIS TU_Buildings_2026 field attribute,false,reported-electricity,Temple University ArcGIS TU_Buildings_2026,6706455.61,City of Philadelphia 2024 Building Energy Benchmarking (Morgan Hall),Intraday/end-use shape modeled from NREL ComStock; annual electricity anchored to Philadelphia 2024 reported benchmarking.
paley,Paley Hall,39.98086211,-75.15432283,195930.00,48090.86,20.00,ACADEMIC,ACADEMIC,secondaryschool,Temple University ArcGIS TU_Buildings_2026 field attribute,false,authoritative-area-modeled-electricity,Temple University ArcGIS TU_Buildings_2026,,Temple campus FY2025 calibrated EUI,Intraday/end-use shape modeled from NREL ComStock; annual electricity calibrated using Temple FY2025 campus electricity EUI because no building-level reported electricity match was available.
paley-library,Paley Library,39.98086211,-75.15432283,195930.00,48090.86,20.00,ACADEMIC,academic/classroom,secondaryschool,Temple University ArcGIS TU_MainCampus_Buildings field attribute,false,authoritative-area-modeled-electricity,Temple University ArcGIS TU_MainCampus_Buildings,,Temple campus FY2025 calibrated EUI,Intraday/end-use shape modeled from NREL ComStock; annual electricity calibrated using Temple FY2025 campus electricity EUI because no building-level reported electricity match was available.
pearson-mcgonigle,Pearson-McGonigle Hall,39.98076349,-75.15819574,357122.00,117856.66,20.00,ACADEMIC,ACADEMIC,secondaryschool,Temple University ArcGIS TU_Buildings_2026 field attribute,false,reported-electricity,Temple University ArcGIS TU_Buildings_2026,3866931.48,City of Philadelphia 2024 Building Energy Benchmarking (Pearson-McGonigle Hall),Intraday/end-use shape modeled from NREL ComStock; annual electricity anchored to Philadelphia 2024 reported benchmarking.
presser,Presser Hall,39.98322493,-75.15422428,66376.00,21576.76,20.00,ACADEMIC,arts/academic,secondaryschool,Temple University ArcGIS TU_Buildings_2026 field attribute,false,authoritative-area-modeled-electricity,Temple University ArcGIS TU_Buildings_2026,,Temple campus FY2025 calibrated EUI,Intraday/end-use shape modeled from NREL ComStock; annual electricity calibrated using Temple FY2025 campus electricity EUI because no building-level reported electricity match was available.
ritter-annex,Ritter Annex,39.97885519,-75.15631230,162534.00,24286.64,20.00,ACADEMIC,ACADEMIC,secondaryschool,Temple University ArcGIS TU_Buildings_2026 field attribute,false,reported-electricity,Temple University ArcGIS TU_Buildings_2026,962538.24,City of Philadelphia 2024 Building Energy Benchmarking (Ritter Hall Annex),Intraday/end-use shape modeled from NREL ComStock; annual electricity anchored to Philadelphia 2024 reported benchmarking.
ritter,Ritter Hall,39.97956961,-75.15599600,122797.00,27466.79,20.00,ACADEMIC,ACADEMIC,secondaryschool,Temple University ArcGIS TU_Buildings_2026 field attribute,false,reported-electricity,Temple University ArcGIS TU_Buildings_2026,655575.39,City of Philadelphia 2024 Building Energy Benchmarking (Ritter Hall),Intraday/end-use shape modeled from NREL ComStock; annual electricity anchored to Philadelphia 2024 reported benchmarking.
rock,Rock Hall,39.97928134,-75.15722416,30762.00,10011.24,20.00,ACADEMIC,arts/academic,secondaryschool,Temple University ArcGIS TU_Buildings_2026 field attribute,false,authoritative-area-modeled-electricity,Temple University ArcGIS TU_Buildings_2026,,Temple campus FY2025 calibrated EUI,Intraday/end-use shape modeled from NREL ComStock; annual electricity calibrated using Temple FY2025 campus electricity EUI because no building-level reported electricity match was available.
serc,"Science, Education & 
Research Center (SERC)",39.98190883,-75.15293682,245763.00,31319.76,20.00,ACADEMIC,research/laboratory,largeoffice,Temple University ArcGIS TU_Buildings_2026 field attribute,false,authoritative-area-modeled-electricity,Temple University ArcGIS TU_Buildings_2026,,Temple campus FY2025 calibrated EUI,Intraday/end-use shape modeled from NREL ComStock; annual electricity calibrated using Temple FY2025 campus electricity EUI because no building-level reported electricity match was available.
shusterman,Shusterman Hall,39.98104869,-75.15632437,8915.00,4138.28,20.00,SPECIAL,SPECIAL,secondaryschool,Temple University ArcGIS TU_Buildings_2026 field attribute,false,authoritative-area-modeled-electricity,Temple University ArcGIS TU_Buildings_2026,,Temple campus FY2025 calibrated EUI,Intraday/end-use shape modeled from NREL ComStock; annual electricity calibrated using Temple FY2025 campus electricity EUI because no building-level reported electricity match was available.
speakman,Speakman Hall,39.98069414,-75.15591272,110151.00,27750.73,20.00,ACADEMIC,ACADEMIC,secondaryschool,Temple University ArcGIS TU_Buildings_2026 field attribute,false,authoritative-area-modeled-electricity,Temple University ArcGIS TU_Buildings_2026,,Temple campus FY2025 calibrated EUI,Intraday/end-use shape modeled from NREL ComStock; annual electricity calibrated using Temple FY2025 campus electricity EUI because no building-level reported electricity match was available.
sullivan,Sullivan Hall,39.98135387,-75.15623339,49818.00,12006.51,20.00,MIXED,office/administration,mediumoffice,Temple University ArcGIS TU_Buildings_2026 field attribute,false,reported-electricity,Temple University ArcGIS TU_Buildings_2026,474984.88,City of Philadelphia 2024 Building Energy Benchmarking (Sullivan Hall),Intraday/end-use shape modeled from NREL ComStock; annual electricity anchored to Philadelphia 2024 reported benchmarking.
temple-towers,Temple Towers,39.97796232,-75.15503110,209488.00,36725.56,20.00,HOUSING,residential proxy,largehotel,Temple University ArcGIS TU_Buildings_2026 field attribute,false,reported-electricity,Temple University ArcGIS TU_Buildings_2026,1805410.05,City of Philadelphia 2024 Building Energy Benchmarking (Temple Towers),Intraday/end-use shape modeled from NREL ComStock; annual electricity anchored to Philadelphia 2024 reported benchmarking.
tomlinson-theater,Tomlinson Theater,39.98359672,-75.15500131,49576.00,27152.78,20.00,SPECIAL,arts/academic,secondaryschool,Temple University ArcGIS TU_Buildings_2026 field attribute,false,authoritative-area-modeled-electricity,Temple University ArcGIS TU_Buildings_2026,,Temple campus FY2025 calibrated EUI,Intraday/end-use shape modeled from NREL ComStock; annual electricity calibrated using Temple FY2025 campus electricity EUI because no building-level reported electricity match was available.
tuttleman-learning,Tuttleman Learning Center,39.98039591,-75.15470191,119180.00,36918.74,20.00,ACADEMIC,academic/classroom,secondaryschool,Temple University ArcGIS TU_Buildings_2026 field attribute,false,reported-electricity,Temple University ArcGIS TU_Buildings_2026,1246495.27,City of Philadelphia 2024 Building Energy Benchmarking (Tuttleman Learning Center),Intraday/end-use shape modeled from NREL ComStock; annual electricity anchored to Philadelphia 2024 reported benchmarking.
tyler-school-of-art,Tyler School of Art,39.98366715,-75.15360064,244997.00,79092.69,20.00,ACADEMIC,academic/classroom,secondaryschool,Temple University ArcGIS TU_Buildings_2026 field attribute,false,reported-electricity,Temple University ArcGIS TU_Buildings_2026,5167063.50,City of Philadelphia 2024 Building Energy Benchmarking (Tyler School of Art),Intraday/end-use shape modeled from NREL ComStock; annual electricity anchored to Philadelphia 2024 reported benchmarking.
wachman,Wachman Hall,39.98081439,-75.15691486,140420.00,11203.46,20.00,ACADEMIC,ACADEMIC,secondaryschool,Temple University ArcGIS TU_Buildings_2026 field attribute,false,reported-electricity,Temple University ArcGIS TU_Buildings_2026,1415230.26,City of Philadelphia 2024 Building Energy Benchmarking (Wachman Hall),Intraday/end-use shape modeled from NREL ComStock; annual electricity anchored to Philadelphia 2024 reported benchmarking.
weiss,Weiss Hall,39.97864894,-75.15524690,159975.00,12967.19,20.00,ACADEMIC,ACADEMIC,secondaryschool,Temple University ArcGIS TU_Buildings_2026 field attribute,false,reported-electricity,Temple University ArcGIS TU_Buildings_2026,2309303.14,City of Philadelphia 2024 Building Energy Benchmarking (Weiss Hall),Intraday/end-use shape modeled from NREL ComStock; annual electricity anchored to Philadelphia 2024 reported benchmarking.
